POZO,DEPTH,Unidad,X,Y,CALI,Core_GrnDn,Core_Kmax,Core_Por,Core_k_vert,GR,GR_Core,KLogs2,KTim,PEF,PHID,PHIE,PHIE1,PHIN,ResD,ResM,ResS,RHOB,Ro,RT,SwA,Vshl,Vshl1,FZI
Jacana-24,10504.48,Arena Guadalupe,1147601.84,974788.61,9.0654,2.66,0.0015,0.07,NaN,71.0095,72.6904,2.4067,0.0022,2.1661,0.0342,0.0648,0.0365,0.2321,50.8015,43.7415,39.6892,2.5839,17.4251,50.8015,0.3697,0.6097,0.7803,0.061067644
Jacana-24,10507.5,Arena Guadalupe,1147601.84,974788.61,8.9859,2.64,0.5244,0.135,NaN,51.235,42.129,225.0489,156.1175,2.2839,0.1349,0.1474,0.1288,0.1912,36.2661,31.6434,24.1082,2.4187,45.2512,36.2661,1,0.1093,0.2218,0.39653036
Jacana-24,10508.1,Arena Guadalupe,1147601.84,974788.61,9.0911,2.62,0.0001,0.015,NaN,49.7797,45.8428,235.7063,172.495,2.1066,0.1379,0.1486,0.1328,0.185,35.8335,30.0018,23.3904,2.4139,49.2467,35.8335,1,0.0889,0.1857,0.168356152
Jacana-24,10509.92,Arena Guadalupe,1147601.84,974788.61,9.1206,2.63,1.6161,0.146,NaN,36.1592,35.2325,52.8921,24.51,2.0922,0.0898,0.1134,0.0928,0.1715,57.492,46.6556,33.621,2.4927,43.5379,57.492,0.8142,0.1719,0.3222,0.611071952
Jacana-24,10511.2,Arena Guadalupe,1147601.84,974788.61,9.1749,2.64,1.5382,0.131,NaN,49.1876,44.7551,118.7455,65.862,1.9296,0.113,0.1313,0.1091,0.189,36.7274,30.4277,24.4966,2.4547,41.3565,36.7274,1,0.1569,0.2995,0.713754541
Jacana-24,10512.74,Arena Guadalupe,1147601.84,974788.61,9.1614,2.64,0.0576,0.1,NaN,45.155,41.7946,216.3823,141.4219,1.9308,0.1324,0.1463,0.1247,0.1985,36.893,31.2162,24.3786,2.4229,41.3237,36.893,1,0.1324,0.2606,0.21447832
Jacana-24,10514.88,Arena Guadalupe,1147601.84,974788.61,9.0061,2.64,3.4992,0.154,NaN,46.8218,39.5784,180.1436,106.513,2.4771,0.1254,0.1416,0.1171,0.2031,43.2884,36.6214,28.3447,2.4343,38.0952,43.2884,0.9171,0.1613,0.3061,0.822248922
Jacana-24,10516.54,Arena Guadalupe,1147601.84,974788.61,9.0764,2.72,24.215,0.174,NaN,44.5579,39.1271,72.938,35.2498,2.0404,0.098,0.1202,0.0977,0.1821,47.9305,40.7426,32.5779,2.4793,40.7575,47.9305,0.8892,0.1782,0.3315,1.758442046
Jacana-24,10517.02,Arena Guadalupe,1147601.84,974788.61,9.0288,2.67,15.4227,0.173,NaN,42.8026,40.3441,72.4688,34.7083,2.0764,0.0976,0.12,0.0973,0.1829,45.2398,39.0044,31.743,2.4799,40.2868,45.2398,0.9195,0.1814,0.3363,1.41724916
Jacana-24,10519.14,Arena Guadalupe,1147601.84,974788.61,8.7802,2.64,0.0435,0.086,NaN,50.9913,55.9912,209.0472,121.2612,1.8402,0.1298,0.1454,0.1181,0.2147,53.656,46.722,35.3812,2.4271,34.7407,53.656,0.7396,0.1802,0.3345,0.237341015
Jacana-24,10520.67,Arena Guadalupe,1147601.84,974788.61,8.917,2.63,55.1355,0.172,NaN,37.6384,34.8907,217.6053,153.495,2.1828,0.1347,0.1465,0.1294,0.1864,45.8866,38.9759,31.819,2.4191,47.7021,45.8866,1,0.0992,0.204,2.706343843
Jacana-24,10521.56,Arena Guadalupe,1147601.84,974788.61,9.211,2.63,7.521,0.144,NaN,41.466,37.7767,47.605,20.5464,2.2011,0.0856,0.1112,0.0891,0.1752,58.7134,54.0584,36.7805,2.4997,40.5261,58.7134,0.7545,0.1933,0.3535,1.348955021
Jacana-24,10522.04,Arena Guadalupe,1147601.84,974788.61,9.197,2.64,1.2086,0.115,NaN,45.4399,43.632,31.7105,11.2357,2.2751,0.0722,0.1033,0.0791,0.1788,62.9182,44.3908,38.8936,2.5216,35.5228,62.9182,0.6305,0.2422,0.4201,0.783370933
Jacana-24,10522.56,Arena Guadalupe,1147601.84,974788.61,9.2403,2.63,0.7885,0.116,NaN,47.8643,50.7589,40.891,16.5774,2.038,0.0807,0.1082,0.0855,0.1754,53.7096,43.3608,35.2527,2.5077,39.0852,53.7096,0.7828,0.2075,0.3735,0.623872407
Jacana-24,10523.4,Arena Guadalupe,1147601.84,974788.61,9.2114,2.64,0.0047,0.065,NaN,51.3595,43.0798,117.4921,74.404,1.8714,0.1173,0.131,0.1159,0.1687,43.2752,37.0241,29.3247,2.4476,53.9471,43.2752,1,0.0983,0.2026,0.12145633
Jacana-24,10524.75,Arena Guadalupe,1147601.84,974788.61,8.9306,2.64,0.0548,0.091,NaN,40.4384,43.7056,275.4844,222.6544,1.9566,0.1456,0.1529,0.1421,0.1767,42.7403,38.9018,29.2612,2.4011,56.3451,42.7403,1,0.0557,0.1224,0.243400643
Jacana-24,10526.4,Arena Guadalupe,1147601.84,974788.61,8.6998,2.63,75.6236,0.166,NaN,44.5966,42.0064,70.8681,30.3757,2.1007,0.0954,0.1195,0.093,0.1959,54.9464,45.0897,35.4089,2.4836,34.6806,54.9464,0.7045,0.224,0.3962,3.367148269
Jacana-24,10527.26,Arena Guadalupe,1147601.84,974788.61,8.827,2.68,0.0006,0.039,NaN,53.0463,50.3556,243.1392,173.431,1.841,0.1377,0.1495,0.1315,0.1912,42.119,34.9477,28.4314,2.4141,45.8342,42.119,1,0.103,0.2108,0.095969173
Jacana-24,10528.6,Arena Guadalupe,1147601.84,974788.61,8.7605,2.64,0.189,0.102,NaN,47.9428,46.8954,274.7461,197.9525,1.7797,0.1412,0.1528,0.1337,0.197,40.1549,33.3503,26.7282,2.4085,43.7009,40.1549,1,0.1083,0.22,0.376302089
Jacana-24,10530.56,Arena Guadalupe,1147601.84,974788.61,8.662,2.64,0.4081,0.112,NaN,49.4112,44.7315,265.9943,179.8941,2.0754,0.1389,0.1519,0.1293,0.2054,42.7064,36.5412,28.1079,2.4123,39.6167,42.7064,0.9528,0.1335,0.2624,0.47522456
Jacana-24,10531.94,Arena Guadalupe,1147601.84,974788.61,8.6905,2.63,5.0286,0.143,NaN,50.2309,49.0657,281.3954,203.9723,1.9126,0.142,0.1535,0.1344,0.1974,40.639,34.7194,28.3108,2.4071,43.6409,40.639,1,0.1075,0.2186,1.11591203
Jacana-24,10532.36,Arena Guadalupe,1147601.84,974788.61,8.6783,2.64,0.0839,0.092,NaN,50.6172,49.0743,394.7217,306.0783,2.0398,0.1532,0.1632,0.1434,0.2072,35.8534,30.9429,26.9297,2.3888,41.2408,35.8534,1,0.1042,0.213,0.295947541
Jacana-24,10533.44,Arena Guadalupe,1147601.84,974788.61,8.7345,2.64,0.8084,0.126,NaN,55.0542,49.0491,74.0344,25.5149,2.301,0.0985,0.1205,0.087,0.2253,36.9306,33.2346,28.564,2.4784,26.9387,36.9306,0.7824,0.3069,0.4997,0.551694196
Jacana-24,10535.3,Arena Guadalupe,1147601.84,974788.61,9.0513,2.98,0.0002,0.012,NaN,97.4179,93.6995,2.6371,0.0024,1.9487,0.0456,0.0658,0.0365,0.2472,40.4746,32.0839,34.6405,2.5652,16.7747,40.4746,0.4441,0.6296,0.7947,0.333756492
Jacana-24,10535.83,Arena Guadalupe,1147601.84,974788.61,8.9918,2.62,0.0005,0.049,NaN,85.5965,85.4084,29.7853,6.0219,2.0196,0.0797,0.1022,0.0667,0.238,40.1687,34.8727,33.6839,2.5092,21.9109,40.1687,0.5995,0.4243,0.6239,0.061560345
Jacana-24,10537.37,Arena Guadalupe,1147601.84,974788.61,8.9453,2.61,0.3301,0.033,NaN,99.587,100.8731,44.5591,12.0016,2.1086,0.0855,0.1099,0.0758,0.2269,42.8858,39.1022,33.6777,2.4999,24.7145,42.8858,0.6366,0.359,0.5576,2.910100413
Jacana-24,10539.4,Arena Guadalupe,1147601.84,974788.61,8.9304,2.61,0.2067,0.031,NaN,107.7475,102.8262,31.1405,6.8569,2.2213,0.078,0.103,0.0686,0.2306,46.302,44.2223,36.3648,2.5121,22.9875,46.302,0.5535,0.4016,0.6016,2.534434797
Jacana-24,10540.46,Arena Guadalupe,1147601.84,974788.61,8.9454,2.64,0.0039,0.077,NaN,100.7771,116.9385,49.0491,14.2545,2.2288,0.087,0.1118,0.0784,0.2232,36.7215,29.8576,29.6862,2.4973,25.714,36.7215,0.7511,0.3398,0.5369,0.084708612
Jacana-24,10541.12,Arena Guadalupe,1147601.84,974788.61,8.9787,2.63,0.0894,0.121,NaN,76.8587,87.7941,47.7142,13.1732,2.3125,0.0874,0.1113,0.0771,0.2278,46.2637,39.0742,37.439,2.4967,24.8137,46.2637,0.6002,0.3549,0.5533,0.196069132
Jacana-24,10541.76,Arena Guadalupe,1147601.84,974788.61,8.906,2.63,0.6235,0.14,NaN,62.1757,62.8614,21.8081,0.0382,2.5963,0.0784,0.0966,0.0604,0.2491,37.6918,28.8765,29.8702,2.5114,20.0164,37.6918,0.5808,0.4771,0.6728,0.407056107
Jacana-24,10542.66,Arena Guadalupe,1147601.84,974788.61,8.9392,2.63,0.056,0.116,NaN,71.8879,67.7463,2.649,0.0024,2.4094,0.0415,0.0659,0.0368,0.2411,45.9538,41.0841,36.6056,2.572,17.0774,45.9538,0.4002,0.6191,0.7872,0.166260447
Jacana-24,10547.44,Arena Guadalupe,1147601.84,974788.61,8.9408,2.63,2.9582,0.146,NaN,69.5902,75.8445,34.5288,7.3362,1.8474,0.084,0.1049,0.0689,0.2406,36.3435,31.8533,30.1313,2.5023,21.9939,36.3435,0.658,0.4176,0.6174,0.826745808
Jacana-24,10547.9,Arena Guadalupe,1147601.84,974788.61,8.9564,2.59,0.9659,0.005,NaN,71.7921,64.7221,42.9446,10.7001,1.6982,0.0866,0.1092,0.0739,0.2341,35.2187,33.0246,29.8431,2.4979,23.4835,35.2187,0.7181,0.3814,0.5811,86.84879664
Jacana-24,10550.62,Arena Guadalupe,1147601.84,974788.61,8.9987,2.63,0.1846,0.122,NaN,74.0197,75.6072,63.271,20.0887,2.2491,0.0945,0.1171,0.0832,0.2266,37.8441,33.5513,31.2857,2.4851,26.0586,37.8441,0.7444,0.3254,0.5208,0.277971497
Jacana-24,10551.84,Arena Guadalupe,1147601.84,974788.61,8.8526,2.58,0.2685,0.01,NaN,77.2043,66.5904,35.0836,8.2161,2.1161,0.0806,0.1052,0.0708,0.2301,39.6736,34.9415,32.7109,2.5079,23.4299,39.6736,0.6454,0.3894,0.5893,16.10782815
Jacana-24,10553.14,Arena Guadalupe,1147601.84,974788.61,9.0722,2.58,0.0001,0.005,NaN,78.0729,81.4476,20.0851,0.0421,2.456,0.0659,0.0951,0.0622,0.224,37.7919,33.7375,31.7338,2.532,22.56,37.7919,0.6436,0.4238,0.6234,0.883685487
Jacana-24,10554.14,Arena Guadalupe,1147601.84,974788.61,8.9553,2.63,0.0627,0.101,NaN,73.6879,66.8341,15.0674,0.03,2.2035,0.0563,0.0903,0.059,0.2144,41.1493,36.9991,34.5128,2.5477,22.9794,41.1493,0.6035,0.4239,0.6235,0.220212035
Jacana-24,10556.1,Arena Guadalupe,1147601.84,974788.61,9.4634,2.63,2.1794,0.143,NaN,77.5245,88.3025,786.1812,744.5437,1.8205,0.1789,0.1849,0.1691,0.2165,43.9899,39.8907,36.923,2.3466,40.7164,43.9899,0.9571,0.0689,0.1483,0.734640534
Jacana-24,10557.44,Arena Guadalupe,1147601.84,974788.61,9.2472,2.63,23.56,0.177,NaN,51.2231,79.7178,2225.7605,2541.8879,1.9911,0.2203,0.2233,0.2045,0.2574,53.7969,48.0735,43.2807,2.2788,31.0453,53.7969,0.7369,0.068,0.1465,1.684446519
Jacana-24,10558.4,Arena Guadalupe,1147601.84,974788.61,8.8907,2.63,239.2545,0.218,NaN,36.9594,40.7165,522.1457,307.4368,2.6514,0.1665,0.1717,0.1318,0.2719,81.118,67.3361,62.3826,2.3669,25.0157,81.118,0.4317,0.2386,0.4155,3.731485155
Jacana-24,10559,Arena Guadalupe,1147601.84,974788.61,8.8145,2.63,105.9889,0.194,NaN,47.4879,36.2208,191.0018,70.5689,2.6232,0.1377,0.1431,0.1003,0.2741,78.9585,71.0667,59.1898,2.4141,22.2317,78.9585,0.3674,0.3404,0.5376,3.049244769
Jacana-24,10560.24,Arena Guadalupe,1147601.84,974788.61,8.9162,2.67,4.765,0.167,NaN,44.5069,42.5807,1112.3236,1060.8953,2.0265,0.1912,0.1969,0.175,0.2406,81.3779,72.6712,56.4735,2.3264,33.8604,81.3779,0.5933,0.0941,0.1949,0.836626073
Jacana-24,10560.8,Arena Guadalupe,1147601.84,974788.61,8.8966,2.64,861.8161,0.243,NaN,35.2701,31.8955,1870.4052,2141.8901,2.0449,0.2132,0.2163,0.2019,0.2424,119.081,108.2924,75.6658,2.2904,34.5,119.081,0.5022,0.0522,0.1153,5.82536871
Jacana-24,10561.5,Arena Guadalupe,1147601.84,974788.61,9.0704,2.64,7.87,0.154,NaN,30.8604,28.0432,1714.8795,1957.8741,1.735,0.2098,0.213,0.2002,0.236,124.2719,111.2886,77.5934,2.2959,36.1725,124.2719,0.5062,0.0463,0.1032,1.23312271
Jacana-24,10561.78,Arena Guadalupe,1147601.84,974788.61,9.0129,2.64,122.5136,0.203,NaN,30.7252,28.7165,2733.751,3550.5574,1.6579,0.2303,0.2317,0.2242,0.2445,99.5363,90.2134,67.1998,2.2624,34.3071,99.5363,0.5725,0.0241,0.0559,3.028559172
Jacana-24,10562.4,Arena Guadalupe,1147601.84,974788.61,9.0303,2.64,915.4092,0.244,NaN,28.1743,26.7612,3620.7241,5096.3979,1.8079,0.2433,0.2438,0.2407,0.2489,81.3742,74.4125,63.1598,2.241,33.2189,81.3742,0.6343,0.0092,0.0219,5.959013105
Jacana-24,10562.92,Arena Guadalupe,1147601.84,974788.61,8.9868,2.63,401.5239,0.243,NaN,30.7494,25.6853,2827.4719,3813.6477,1.6685,0.2326,0.2332,0.2304,0.2377,93.1112,91.5022,66.6671,2.2586,36.0767,93.1112,0.6176,0.0085,0.0203,3.97623293
Jacana-24,10563.34,Arena Guadalupe,1147601.84,974788.61,9.1553,2.63,161.2515,0.214,NaN,31.8165,27.6454,1952.0316,2355.7598,1.8118,0.2158,0.218,0.2091,0.2337,171.6492,204.5461,102.8379,2.286,37.049,171.6492,0.4388,0.0307,0.0703,3.16579957
Jacana-24,10563.94,Arena Guadalupe,1147601.84,974788.61,9.2671,2.64,121.0315,0.195,NaN,32.0653,27.7887,1554.9773,1667.4052,1.8222,0.2051,0.2092,0.1917,0.2421,358.3025,325.6284,217.9865,2.3036,34.2555,358.3025,0.2448,0.0676,0.1458,3.229407275
Jacana-24,10564.53,Arena Guadalupe,1147601.84,974788.61,9.1056,2.63,185.9021,0.202,NaN,29.6699,28.6668,3542.9067,5059.9189,1.7316,0.243,0.2429,0.2429,0.2428,302.6957,268.1828,216.0496,2.2415,34.6474,302.6957,0.3383,0,0,3.763116236
Jacana-24,10565.15,Arena Guadalupe,1147601.84,974788.61,8.969,2.63,4132.1987,0.264,NaN,26.103,24.9959,5678.3916,8820.0664,1.6152,0.2696,0.2646,0.2646,0.2594,265.0287,266.4046,225.5689,2.1978,29.6297,265.0287,0.3344,0,0,10.95196811
Jacana-24,10565.74,Arena Guadalupe,1147601.84,974788.61,8.961,2.63,2074.3833,0.254,NaN,28.2129,22.564,4980.8413,7558.1919,1.6561,0.2598,0.2584,0.2584,0.2569,308.4744,270.9414,273.3952,2.2139,30.9461,308.4744,0.3167,0,0,8.334170948
Jacana-24,10566.3,Arena Guadalupe,1147601.84,974788.61,8.9684,2.63,1471.8325,0.215,NaN,30.0749,23.9871,3524.897,4923.6245,1.6963,0.242,0.2427,0.2391,0.2484,482.1171,495.7152,454.9672,2.243,33.3279,482.1171,0.2522,0.0106,0.0252,9.4857311
Jacana-24,10566.93,Arena Guadalupe,1147601.84,974788.61,8.9538,2.63,1828.7256,0.226,NaN,24.7528,24.8144,4000.8938,5838.9927,1.8202,0.2559,0.2483,0.2483,0.2405,293.5355,345.8227,292.4216,2.2204,33.2783,293.5355,0.3367,0,0,9.673468512
Jacana-24,10568.93,Arena Guadalupe,1147601.84,974788.61,8.8516,2.63,9607.6201,0.282,NaN,22.3484,28.7727,3647.4438,5149.415,1.5903,0.2437,0.2442,0.2413,0.2487,422.4659,434.2311,322.1113,2.2404,33.2442,422.4659,0.2723,0.0083,0.0199,14.75666917
Jacana-24,10569.84,Arena Guadalupe,1147601.84,974788.61,9.0527,2.64,259.0193,0.207,NaN,23.1079,24.1992,2944.1584,4068.5105,1.6627,0.2455,0.2349,0.2349,0.2238,223.947,175.6034,185.6012,2.2374,36.8413,223.947,0.4056,0,0,4.255135359
Jacana-24,10571.24,Arena Guadalupe,1147601.84,974788.61,8.8417,2.63,4946.082,0.245,NaN,38.0807,29.2602,826.4458,777.8322,2.1181,0.1804,0.1866,0.1693,0.2214,92.1594,127.6111,84.6783,2.3442,39.0582,92.1594,0.6039,0.0759,0.1616,13.748589
Jacana-24,10572.19,Arena Guadalupe,1147601.84,974788.61,8.8451,2.63,4473.5083,0.221,NaN,53.4315,52.7492,52.0775,16.1041,2.2456,0.0878,0.1131,0.0805,0.2191,158.3944,167.4709,111.9873,2.4961,26.7417,158.3944,0.2165,0.3226,0.5177,15.74718099
Jacana-24,10572.96,Arena Guadalupe,1147601.84,974788.61,8.9936,2.64,0.4555,0.128,NaN,65.7617,63.4366,22.8233,0.0512,1.9884,0.0685,0.0974,0.0643,0.2235,238.9088,230.6295,172.9134,2.5276,23.0159,238.9088,0.1184,0.411,0.6109,0.403529574
Jacana-24,10575.04,Arena Guadalupe,1147601.84,974788.61,8.9329,2.63,1828.6914,0.243,NaN,27.5724,32.3347,854.4857,858.1402,2.3394,0.1831,0.1877,0.176,0.2104,96.6236,82.9688,89.5899,2.3397,43.5775,96.6236,0.6408,0.0483,0.1074,8.485673712
Tarotaro-3,9660.8,Arena Guadalupe,1162545.28,983619.86,8.2361,2.632,8.17,0.147,NaN,48.1543,14.32,164.2368,107.7835,1.9145,0.1256,0.1392,0.1217,0.1818,47.5364,39.3426,21.2045,2.434,25.6917,60.6196,0.6461,0.109,0.2213,1.358356313
Tarotaro-3,9661.3,Arena Guadalupe,1162545.28,983619.86,8.2315,2.633,2.664,0.133,NaN,53.1182,13,96.0222,53.5446,1.9409,0.1082,0.1263,0.107,0.1769,54.3536,46.0117,22.4599,2.4625,29.0517,70.9672,0.6325,0.1386,0.2705,0.916090531
Tarotaro-3,9662.4,Arena Guadalupe,1162545.28,983619.86,8.3175,2.632,1.277,0.119,NaN,72.4525,21.49,30.3929,10.6036,2.0327,0.071,0.1025,0.0782,0.1785,115.255,101.0847,43.9394,2.5236,34.8645,152.1847,0.456,0.2452,0.424,0.761518684
Tarotaro-3,9665.4,Arena Guadalupe,1162545.28,983619.86,8.2225,2.648,1.354,0.112,NaN,54.3545,17.7,106.5454,53.3095,1.9619,0.1083,0.1287,0.1033,0.1974,88.6133,72.8437,35.3191,2.4623,26.1175,101.2382,0.4955,0.1915,0.3509,0.865615276
Tarotaro-3,9666.7,Arena Guadalupe,1162545.28,983619.86,8.1909,2.627,54.863,0.155,NaN,43.8689,17.04,599.6462,512.1894,1.8862,0.168,0.176,0.1564,0.2175,156.4692,122.6589,28.9199,2.3645,17.5675,201.105,0.2897,0.0942,0.1952,3.22053917
Tarotaro-3,9667.3,Arena Guadalupe,1162545.28,983619.86,8.1773,2.637,215.045,0.183,NaN,34.8685,14.52,1274.6802,1462.0197,1.8313,0.2,0.2018,0.1967,0.211,164.2306,122.8527,22.792,2.3119,15.2167,223.6328,0.2598,0.0185,0.0433,4.805512869
Tarotaro-3,9667.8,Arena Guadalupe,1162545.28,983619.86,8.1909,2.639,1980.298,0.194,NaN,32.3047,12.09,1732.932,2179.1528,1.7987,0.217,0.2134,0.2134,0.2097,165.5038,119.9542,19.2239,2.2842,14.1121,231.899,0.2467,0,0,13.18036294
Tarotaro-3,9668.3,Arena Guadalupe,1162545.28,983619.86,8.1863,2.641,1706.38,0.232,NaN,33.1532,13.92,1704.4358,2137.0032,1.7751,0.2192,0.2127,0.2127,0.2061,161.7607,115.8988,18.291,2.2806,14.1861,227.8478,0.2495,0,0,8.914495434
Tarotaro-3,9669,Arena Guadalupe,1162545.28,983619.86,8.1999,2.64,2356.0859,0.244,NaN,32.2441,15.29,1334.0394,1601.2299,1.7599,0.2051,0.2035,0.2035,0.2019,141.4044,103.9287,19.1023,2.3037,15.3256,194.6473,0.2806,0,0,9.560096238
Tarotaro-3,9669.8,Arena Guadalupe,1162545.28,983619.86,8.1909,2.638,50.768,0.176,NaN,28.044,19.19,1004.7031,1128.3356,1.7714,0.1924,0.1933,0.1911,0.1973,128.728,98.9136,19.8174,2.3244,16.6029,176.0262,0.3067,0.008,0.0191,2.496794997
Tarotaro-3,9670.3,Arena Guadalupe,1162545.28,983619.86,8.1863,2.636,50.622,0.188,NaN,27.1955,18.97,930.9513,1017.2408,1.7816,0.189,0.1906,0.1867,0.1979,126.6185,99.0673,19.7566,2.33,16.8698,175.7992,0.3089,0.0148,0.035,2.225453648
Tarotaro-3,9670.7,Arena Guadalupe,1162545.28,983619.86,8.1818,2.634,2.348,0.119,NaN,27.7045,25.6,910.369,977.4048,1.7814,0.1876,0.1899,0.1843,0.2003,126.4011,98.8905,19.7566,2.3324,16.8549,178.9586,0.3056,0.0215,0.0501,1.03260485
Tarotaro-3,9671.5,Arena Guadalupe,1162545.28,983619.86,8.1886,2.63,28.687,0.166,NaN,25.4559,33.25,968.326,1059.1611,1.7629,0.1901,0.192,0.1873,0.2007,122.5492,91.7016,19.6453,2.3282,16.6044,180.4329,0.3023,0.0178,0.0417,2.073844233
Tarotaro-3,9672.3,Arena Guadalupe,1162545.28,983619.86,8.1909,2.639,271.09,0.209,NaN,25.5773,49.42,898.153,1002.9943,1.7607,0.1893,0.1894,0.1892,0.1898,133.4318,94.3849,20.1599,2.3295,17.3443,200.0429,0.2944,0.0009,0.0021,4.279996868
Tarotaro-3,9672.7,Arena Guadalupe,1162545.28,983619.86,8.1818,2.642,50.811,0.162,NaN,27.2987,49.75,906.9326,1010.8448,1.7694,0.1894,0.1897,0.189,0.1911,130.1501,90.4409,20.3515,2.3293,17.2541,196.0313,0.2965,0.0027,0.0065,2.876603576
Tarotaro-3,9673.2,Arena Guadalupe,1162545.28,983619.86,8.1637,2.638,326.426,0.21,NaN,29.2078,33.9,942.576,1023.9937,1.7786,0.1891,0.1911,0.1862,0.2002,126.9649,86.6048,20.2526,2.3299,16.7261,191.3838,0.2945,0.0188,0.0439,4.657149386
Tarotaro-3,9674,Arena Guadalupe,1162545.28,983619.86,8.1886,2.638,209.75,0.201,NaN,26.7287,25.44,1104.4939,1193.3031,1.7747,0.1934,0.1966,0.1875,0.2137,131.411,86.0508,19.8308,2.3228,15.6076,196.7522,0.2797,0.0352,0.08,4.032118861
Tarotaro-3,9674.5,Arena Guadalupe,1162545.28,983619.86,8.1999,2.637,76.418,0.183,NaN,27.3653,31.54,1271.5226,1455.0032,1.7599,0.1999,0.2017,0.1964,0.2114,127.8006,82.3179,19.0679,2.3122,15.2121,190.227,0.2817,0.0194,0.0454,2.864658811
Tarotaro-3,9675.3,Arena Guadalupe,1162545.28,983619.86,8.2135,2.641,302.494,0.222,NaN,28.153,54.05,1844.5417,2301.9294,1.7384,0.215,0.2158,0.213,0.2206,128.9402,80.9208,18.2089,2.2874,13.6907,191.0174,0.2673,0.0093,0.0222,4.061983601
Tarotaro-3,9676.3,Arena Guadalupe,1162545.28,983619.86,8.2067,2.64,314.307,0.23,NaN,27.3832,49.44,1691.9373,2118.5557,1.7475,0.2156,0.2124,0.2124,0.2092,133.3872,81.0683,17.7171,2.2864,14.2191,196.4292,0.269,0,0,3.886025498
Tarotaro-3,9676.9,Arena Guadalupe,1162545.28,983619.86,8.1841,2.64,299.68,0.219,NaN,27.2377,44.73,1560.2134,1925.6377,1.7528,0.2158,0.2093,0.2093,0.2026,137.6919,82.3505,17.3572,2.286,14.5872,202.443,0.2684,0,0,4.142317558
Tarotaro-3,9677.6,Arena Guadalupe,1162545.28,983619.86,8.2225,2.635,170.662,0.205,NaN,29.2136,48.59,1771.2706,2236.0554,1.7476,0.221,0.2142,0.2142,0.2072,134.867,80.0606,17.1928,2.2775,14.0151,197.644,0.2663,0,0,3.513455041
Tarotaro-3,9678.3,Arena Guadalupe,1162545.28,983619.86,8.2225,2.638,213.696,0.221,NaN,28.2925,71.56,2372.6465,3155.1882,1.7409,0.2264,0.2259,0.2259,0.2253,131.8478,77.0959,16.7706,2.2687,12.781,194.1717,0.2566,0,0,3.441730748
Tarotaro-3,9678.8,Arena Guadalupe,1162545.28,983619.86,8.2157,2.639,111.163,0.173,NaN,27.5714,77.34,2562.7864,3433.5381,1.7431,0.2288,0.229,0.228,0.2307,131.4163,75.65,16.6721,2.2648,12.4302,196.1236,0.2516,0.0031,0.0075,3.804925277
Tarotaro-3,9679.4,Arena Guadalupe,1162545.28,983619.86,8.2022,2.645,409.861,0.23,NaN,28.2381,74.95,2550.4417,3377.4609,1.7459,0.2282,0.2288,0.2261,0.2334,128.2241,72.8179,16.8338,2.2657,12.374,195.2997,0.2513,0.0085,0.0203,4.437587371
Tarotaro-3,9680.6,Arena Guadalupe,1162545.28,983619.86,8.2044,2.641,557.732,0.24,NaN,37.1112,60.85,1901.2224,2358.4126,1.7197,0.2158,0.217,0.2125,0.2247,113.2951,64.9611,17.3631,2.2862,13.4736,175.0394,0.2767,0.0149,0.0353,4.793350197
Tarotaro-3,9681.1,Arena Guadalupe,1162545.28,983619.86,8.2225,2.638,408.153,0.226,NaN,44.2389,39.4,1370.5809,1619.7917,1.7433,0.2035,0.2045,0.2016,0.2096,100.1264,59.0747,17.2721,2.3063,15.0193,151.6853,0.3141,0.0101,0.024,4.570034162
Tarotaro-3,9682.1,Arena Guadalupe,1162545.28,983619.86,8.2406,2.652,18.55,0.18,NaN,56.2152,17.11,389.5113,311.0194,1.8805,0.1535,0.1628,0.1453,0.2011,106.9107,66.1403,20.9286,2.3882,20.1895,155.8045,0.3542,0.0899,0.1875,1.452134019
Tarotaro-3,9683,Arena Guadalupe,1162545.28,983619.86,8.2451,2.632,0.149,0.113,NaN,57.2758,23.22,292.7462,165.1899,1.9555,0.1421,0.1546,0.1213,0.2396,74.3127,46.9786,18.2397,2.4069,18.624,107.0788,0.4053,0.2153,0.3842,0.283027566
Tarotaro-3,9683.8,Arena Guadalupe,1162545.28,983619.86,8.2496,2.633,8.461,0.169,NaN,46.4449,18.28,663.4131,550.1962,1.9215,0.1711,0.1793,0.1556,0.23,68.6026,44.3031,14.2928,2.3594,16.5737,99.3662,0.4027,0.1154,0.2323,1.092474887
Tarotaro-3,9685,Arena Guadalupe,1162545.28,983619.86,8.2677,2.637,31.376,0.191,NaN,49.8512,9.57,693.1152,684.4037,1.8866,0.1766,0.1807,0.1716,0.1987,69.9161,45.515,14.8674,2.3504,17.988,101.9263,0.4181,0.0386,0.0872,1.70461736
Tarotaro-3,9686.3,Arena Guadalupe,1162545.28,983619.86,8.2587,2.639,0.054,0.079,NaN,66.6038,21.04,143.9561,62.9397,1.9682,0.1189,0.1359,0.1019,0.2326,79.6492,54.604,21.7571,2.445,21.4649,116.9803,0.412,0.2642,0.4483,0.302653375
Tarotaro-3,9687.8,Arena Guadalupe,1162545.28,983619.86,8.2767,2.604,0.03,0.041,NaN,76.0711,17.4,99.217,37.1498,1.9448,0.1078,0.1271,0.0926,0.2314,63.3064,44.4623,22.7875,2.4631,22.8236,90.2402,0.4858,0.2962,0.4871,0.628250868
Tarotaro-3,9688.4,Arena Guadalupe,1162545.28,983619.86,8.2677,2.63,19.931,0.164,NaN,80.9922,25.05,73.7737,25.7103,1.953,0.0981,0.1204,0.0872,0.2237,79.6102,55.7568,25.1999,2.4791,24.6353,111.7112,0.4495,0.3028,0.4949,1.764552962
Tarotaro-3,9690.3,Arena Guadalupe,1162545.28,983619.86,8.2903,2.632,1.437,0.114,NaN,106.4058,51.96,91.6576,23.946,1.9971,0.1199,0.1252,0.083,0.2741,86.4029,59.6406,28.0069,2.4434,19.4386,118.2671,0.3816,0.4079,0.6079,0.866431987
Tarotaro-3,9691.6,Arena Guadalupe,1162545.28,983619.86,8.27,2.638,2.26,0.12,NaN,56.9848,39.62,1271.573,1268.9186,1.899,0.1967,0.2017,0.1813,0.2416,98.1107,66.9591,17.5677,2.3175,14.0786,135.8206,0.3179,0.0843,0.1772,0.9992972
Tarotaro-3,9692.3,Arena Guadalupe,1162545.28,983619.86,8.2858,2.64,954.974,0.223,NaN,34.2867,23.87,1097.6771,1272.5812,1.8098,0.1968,0.1964,0.1964,0.1961,100.9996,73.5786,16.3206,2.3173,16.2977,135.0251,0.3474,0,0,7.159606376
Tarotaro-3,9692.9,Arena Guadalupe,1162545.28,983619.86,8.2722,2.63,6776.7471,0.254,NaN,30.3955,21.17,734.8445,785.2284,1.7718,0.182,0.1826,0.1813,0.1851,88.4448,66.9527,15.8095,2.3415,18.3859,114.0664,0.4012,0.005,0.0121,15.06359185
Tarotaro-3,9693.3,Arena Guadalupe,1162545.28,983619.86,8.2813,2.633,3.517,0.153,NaN,31.8199,26.46,719.8358,748.2701,1.7646,0.18,0.182,0.1777,0.19,82.5209,63.1037,14.9248,2.3448,18.2467,105.336,0.4153,0.0169,0.0396,0.833416504
Tarotaro-3,9695.2,Arena Guadalupe,1162545.28,983619.86,8.2745,2.632,409.721,0.196,NaN,23.8317,43.35,1583.7435,1932.0068,1.7404,0.2092,0.2099,0.2078,0.2136,141.6968,99.4191,18.3437,2.2968,14.4,201.1398,0.2672,0.0071,0.0171,5.88905624
Tarotaro-3,9696.1,Arena Guadalupe,1162545.28,983619.86,8.2677,2.634,982.141,0.233,NaN,28.6804,47.82,1688.0499,2112.823,1.7288,0.2127,0.2124,0.2124,0.212,133.4047,90.9104,17.821,2.2912,14.2294,192.4687,0.2719,0,0,6.710858027
Tarotaro-3,9697.4,Arena Guadalupe,1162545.28,983619.86,8.2587,2.636,811.503,0.233,NaN,24.5043,25.53,2274.5625,3002.1111,1.7181,0.2407,0.2241,0.2241,0.2063,126.48,80.559,16.5625,2.2452,12.9523,181.4377,0.2672,0,0,6.100089336
Tarotaro-3,9698.1,Arena Guadalupe,1162545.28,983619.86,8.2722,2.632,587.082,0.227,NaN,26.9772,16.77,2167.052,2835.6689,1.7309,0.2339,0.2222,0.2222,0.2098,120.1789,75.4598,16.7814,2.2563,13.1516,175.0936,0.2741,0,0,5.437756281
Tarotaro-3,9698.8,Arena Guadalupe,1162545.28,983619.86,8.2767,2.625,583.246,0.232,NaN,31.7775,20.24,1850.8743,2354.9006,1.7296,0.2213,0.2159,0.2159,0.2104,107.4452,68.2901,16.8683,2.277,13.8221,157.6549,0.2961,0,0,5.211764403
Tarotaro-3,9700.7,Arena Guadalupe,1162545.28,983619.86,8.2903,2.632,252.72,0.217,NaN,59.5789,43.51,456.0144,347.5248,1.8319,0.1574,0.1675,0.1442,0.2197,130.0074,79.8566,20.6333,2.3819,18.4203,193.2507,0.3009,0.1233,0.2455,3.866532062
Tarotaro-3,9702.2,Arena Guadalupe,1162545.28,983619.86,8.2858,2.64,0.237,0.088,NaN,45.6085,50.17,1912.0209,2071.9226,1.8424,0.2136,0.2172,0.1962,0.2565,99.6474,55.442,16.0795,2.2896,12.4643,153.1637,0.2817,0.0798,0.1689,0.534041062
Tarotaro-3,9702.8,Arena Guadalupe,1162545.28,983619.86,8.2858,2.634,466.311,0.224,NaN,34.2807,46.73,2553.4807,3211.0581,1.8141,0.2269,0.2289,0.2186,0.2465,101.3014,55.2227,14.7585,2.2678,12.0159,158.0207,0.2743,0.0339,0.0772,4.963147383
Tarotaro-3,9703.4,Arena Guadalupe,1162545.28,983619.86,8.2903,2.633,311.166,0.229,NaN,35.5534,19.79,1772.3585,2020.7019,1.8303,0.211,0.2142,0.2006,0.239,97.4194,53.7191,14.6843,2.2939,13.2281,150.9363,0.2937,0.0497,0.1103,3.896968283
Tarotaro-3,9703.9,Arena Guadalupe,1162545.28,983619.86,8.2903,2.634,216.111,0.222,NaN,38.3535,14.97,1247.2529,1275.3954,1.8476,0.1962,0.201,0.1833,0.235,89.5637,50.6226,14.4257,2.3182,14.3862,136.0125,0.3218,0.0715,0.1531,3.43335112
Tarotaro-3,9704.7,Arena Guadalupe,1162545.28,983619.86,8.2994,2.634,10.47,0.157,NaN,44.0631,15.03,1112.2754,1159.1223,1.836,0.1925,0.1969,0.1836,0.2222,88.8996,52.2851,14.7085,2.3242,15.2452,133.2718,0.3355,0.053,0.117,1.376832424
Tarotaro-3,9705.3,Arena Guadalupe,1162545.28,983619.86,8.2994,2.627,100.654,0.207,NaN,50.5907,17.4,835.7967,786.4766,1.8301,0.1807,0.187,0.1694,0.2222,105.1978,61.8479,16.5026,2.3436,16.1894,157.7261,0.3161,0.077,0.1636,2.652545465
Tarotaro-3,9705.8,Arena Guadalupe,1162545.28,983619.86,8.2767,2.628,28.519,0.177,NaN,55.3423,17.36,659.6326,549.5075,1.8249,0.1709,0.1791,0.1559,0.2288,93.9391,54.922,16.8405,2.3597,16.6544,141.0673,0.3374,0.113,0.2282,1.853261614
Tarotaro-3,9706.8,Arena Guadalupe,1162545.28,983619.86,8.2541,2.628,110.24,0.203,NaN,52.9057,12.79,1037.8859,1069.8514,1.7612,0.19,0.1944,0.1815,0.2193,85.4964,49.0994,14.2771,2.3284,15.5913,130.3438,0.3432,0.0524,0.1156,2.872853731
Tarotaro-3,9707.5,Arena Guadalupe,1162545.28,983619.86,8.2451,2.639,1.215,0.122,NaN,48.1542,13.01,1419.5874,1643.1826,1.745,0.2037,0.2058,0.1993,0.2175,88.1877,49.6267,14.4154,2.3059,14.6263,135.9507,0.3269,0.0234,0.0543,0.713136322
Tarotaro-3,9708.3,Arena Guadalupe,1162545.28,983619.86,8.279,2.625,112.804,0.22,NaN,41.2205,13.39,1859.0348,2282.9558,1.7457,0.2146,0.2161,0.2108,0.2253,93.9941,52.183,14.9643,2.288,13.5224,142.4102,0.3073,0.0179,0.0421,2.520881781
Tarotaro-3,9709.3,Arena Guadalupe,1162545.28,983619.86,8.3266,2.628,553.792,0.23,NaN,54.3603,19.34,1037.6914,1017.5724,1.7458,0.1889,0.1944,0.1764,0.2298,99.9406,57.4853,18.0005,2.3302,15.1574,153.3517,0.3105,0.0757,0.1612,5.158244907
Tarotaro-3,9710.5,Arena Guadalupe,1162545.28,983619.86,8.313,2.627,0.875,0.102,NaN,55.791,15.28,414.5716,297.1394,1.8068,0.1537,0.1646,0.1388,0.2239,75.8168,46.865,19.9081,2.388,18.496,114.7536,0.3936,0.1426,0.2769,0.80967318
Tarotaro-3,9711.3,Arena Guadalupe,1162545.28,983619.86,8.3537,2.628,18.093,0.162,NaN,64.1188,12.07,201.0565,93.9316,1.8389,0.1308,0.1444,0.1085,0.2437,96.024,59.1049,22.768,2.4255,19.5017,143.4126,0.3526,0.2617,0.4451,1.716549914
Tarotaro-3,9713,Arena Guadalupe,1162545.28,983619.86,8.313,2.63,4.656,0.138,NaN,66.1854,59.26,149.2442,70.0106,1.8776,0.1191,0.1368,0.1049,0.2251,111.9058,63.5716,29.8389,2.4446,22.0012,175.7487,0.3367,0.2403,0.4177,1.139265039
Tarotaro-3,9714.8,Arena Guadalupe,1162545.28,983619.86,8.3356,2.63,683.542,0.221,NaN,31.644,52.76,1471.6141,1756.5402,1.7815,0.2061,0.2071,0.2038,0.213,121.9532,60.4599,16.4956,2.3021,14.6637,197.1541,0.2721,0.0115,0.0272,6.155471114
Tarotaro-3,9715.9,Arena Guadalupe,1162545.28,983619.86,8.3311,2.631,270.183,0.201,NaN,25.5468,15.36,1175.9849,1380.1909,1.727,0.2091,0.1989,0.1989,0.1881,139.5284,69.4624,16.8651,2.297,15.9474,216.3478,0.2715,0,0,4.576266956
Tarotaro-3,9716.9,Arena Guadalupe,1162545.28,983619.86,8.3356,2.63,242.307,0.198,NaN,24.5407,11.89,1016.8514,1162.9374,1.679,0.1975,0.1937,0.1937,0.1898,140.6915,72.6655,16.9466,2.316,16.6955,219.0205,0.2761,0,0,4.44927461
Tarotaro-3,9718.3,Arena Guadalupe,1162545.28,983619.86,8.3672,2.631,136.641,0.193,NaN,27.153,13.23,950.2944,1073.8025,1.6509,0.1965,0.1914,0.1914,0.1861,139.1593,74.784,16.8203,2.3178,17.0558,216.4907,0.2807,0,0,3.493475768
Tarotaro-3,9719.6,Arena Guadalupe,1162545.28,983619.86,8.3582,2.63,168.548,0.193,NaN,24.4681,15.12,1093.288,1266.5892,1.6604,0.2065,0.1963,0.1963,0.1855,133.7038,75.9495,16.3454,2.3013,16.3183,203.3287,0.2833,0,0,3.879975838
Tarotaro-3,9721.4,Arena Guadalupe,1162545.28,983619.86,8.3718,2.629,802.765,0.216,NaN,26.1772,12.95,1471.0304,1796.6462,1.6755,0.2203,0.2071,0.2071,0.1931,86.9753,61.4989,16.3551,2.2788,14.8604,127.0497,0.342,0,0,6.947991823
Tarotaro-3,9723.7,Arena Guadalupe,1162545.28,983619.86,8.4939,2.633,0.003,0.024,NaN,75.3922,22.25,11.4385,0.0241,1.9834,0.0446,0.0859,0.0576,0.195,109.1787,97.718,28.0195,2.5668,35.8622,137.6372,0.4748,0.3927,0.5927,0.45146411
Tarotaro-3,9724.8,Arena Guadalupe,1162545.28,983619.86,8.5097,2.633,0.002,0.05,NaN,78.3678,12.33,0.5555,0.0007,1.9809,0.0373,0.0496,0.0255,0.2556,129.5807,111.0257,49.0448,2.5788,35.8388,162.5252,0.3975,0.7282,0.8606,0.11932
Tarotaro-3,9726.2,Arena Guadalupe,1162545.28,983619.86,8.3808,2.628,3201.8369,0.213,NaN,41.4506,12,1058.2532,1074.4706,1.7634,0.1903,0.1951,0.1802,0.224,188.0829,140.2113,21.0264,2.328,15.334,243.4136,0.2475,0.0611,0.1331,14.22442036
Tarotaro-3,9727.2,Arena Guadalupe,1162545.28,983619.86,8.3627,2.63,2104.9241,0.226,NaN,18.1466,14.56,2448.3345,3274.0876,1.645,0.2423,0.2272,0.2272,0.211,289.8461,213.8102,17.0574,2.2427,12.655,380.4614,0.1824,0,0,10.3782988
Tarotaro-3,9728.4,Arena Guadalupe,1162545.28,983619.86,8.3605,2.631,6481.1958,0.241,NaN,18.6737,10.33,1863.3043,2373.5415,1.6712,0.224,0.2162,0.2162,0.2081,321.5702,206.9229,18.4823,2.2726,13.793,441.2714,0.1768,0,0,16.21710882
Tarotaro-3,9729,Arena Guadalupe,1162545.28,983619.86,8.3582,2.633,1196.8051,0.219,NaN,22.4859,9.64,1452.6987,1770.3011,1.6817,0.2188,0.2067,0.2067,0.1937,259.4807,160.8339,18.7494,2.2811,14.9193,365.8743,0.2019,0,0,8.27801531
Tarotaro-3,9730,Arena Guadalupe,1162545.28,983619.86,8.3695,2.628,5709.3521,0.229,NaN,23.7589,10.28,946.002,1068.0913,1.6823,0.2004,0.1912,0.1912,0.1815,190.946,122.5047,17.1297,2.3113,17.0801,271.2911,0.2509,0,0,16.69260882
Tarotaro-3,9731,Arena Guadalupe,1162545.28,983619.86,8.3582,2.632,50.899,0.168,NaN,24.4256,8.03,789.6749,852.2541,1.6781,0.1843,0.185,0.1834,0.1882,216.3256,135.6021,18.1621,2.3378,17.9435,317.655,0.2372,0.0065,0.0155,2.706722149
Tarotaro-3,9731.8,Arena Guadalupe,1162545.28,983619.86,8.3672,2.628,1848.149,0.216,NaN,25.8073,11.53,525.7272,534.6476,1.6733,0.1772,0.1719,0.1719,0.1664,215.3074,128.1807,19.5938,2.3493,20.5562,329.1559,0.2499,0,0,10.54225641
Tarotaro-3,9732.3,Arena Guadalupe,1162545.28,983619.86,8.365,2.631,230.623,0.186,NaN,27.4498,9.14,460.6014,457.5199,1.6942,0.1752,0.1678,0.1678,0.1601,200.9371,122.8789,19.2304,2.3527,21.4316,311.6811,0.2622,0,0,4.838780761
Tarotaro-3,9732.9,Arena Guadalupe,1162545.28,983619.86,8.3605,2.631,175.972,0.175,NaN,27.3649,9.1,443.7451,437.8612,1.7236,0.1696,0.1667,0.1667,0.1637,187.8577,118.9986,18.7491,2.3618,21.6851,295.9703,0.2707,0,0,4.694056456
Tarotaro-3,9734.3,Arena Guadalupe,1162545.28,983619.86,8.3582,2.632,139.91,0.17,NaN,27.8195,13.8,370.3574,346.3645,1.7113,0.1598,0.1613,0.1589,0.1662,172.8622,114.9688,18.5604,2.3779,22.6574,274.1281,0.2866,0.0107,0.0254,4.398035562
Tarotaro-3,9735.1,Arena Guadalupe,1162545.28,983619.86,8.3718,2.632,186.531,0.177,NaN,27.662,11.41,508.1068,513.6024,1.6979,0.1744,0.1708,0.1708,0.1672,176.0723,123.6616,17.8756,2.354,20.7784,276.8073,0.274,0,0,4.739637129
Tarotaro-3,9736,Arena Guadalupe,1162545.28,983619.86,8.3695,2.631,188.652,0.177,NaN,26.7591,15.44,509.7825,515.5983,1.7168,0.1775,0.1709,0.1709,0.1641,174.9798,123.7581,17.3921,2.3489,20.7568,263.4014,0.2807,0,0,4.766507609
Tarotaro-3,9737,Arena Guadalupe,1162545.28,983619.86,8.4034,2.631,154.88,0.176,NaN,26.547,16.53,615.3573,643.5803,1.7137,0.1846,0.1769,0.1769,0.1688,169.0089,115.6592,16.5769,2.3373,19.5607,243.1706,0.2836,0,0,4.36099439
Tarotaro-3,9737.8,Arena Guadalupe,1162545.28,983619.86,8.3898,2.633,77.04,0.17,NaN,27.6197,17.87,572.2088,590.7592,1.6742,0.1796,0.1745,0.1745,0.1694,196.7823,125.9816,17.4479,2.3455,20.0143,290.9632,0.2623,0,0,3.263566717
Tarotaro-3,9738.3,Arena Guadalupe,1162545.28,983619.86,8.3944,2.634,548.87,0.19,NaN,27.1954,13.74,501.9764,506.3107,1.6615,0.1735,0.1705,0.1705,0.1673,213.0241,128.2275,17.7187,2.3554,20.8581,318.5869,0.2559,0,0,7.194804746
Tarotaro-3,9738.9,Arena Guadalupe,1162545.28,983619.86,8.4034,2.632,105.13,0.154,NaN,24.4316,11.38,453.1369,448.7982,1.6703,0.1689,0.1673,0.1673,0.1657,328.982,177.909,20.7386,2.363,21.5423,503.2929,0.2069,0,0,4.50694504
Tarotaro-3,9739.9,Arena Guadalupe,1162545.28,983619.86,8.4079,2.629,3068.3511,0.168,NaN,15.9342,12.14,677.1629,720.3881,1.6476,0.1861,0.18,0.18,0.1736,1029.1489,705.3228,52.469,2.3347,18.9792,1451.0261,0.1144,0,0,21.01558957
Tarotaro-3,9740.6,Arena Guadalupe,1162545.28,983619.86,8.4034,2.629,6706.4712,0.193,NaN,13.7887,18.89,954.8881,1079.9197,1.6128,0.2055,0.1915,0.1915,0.1764,1138.0886,840.7035,44.8661,2.303,17.0298,1479.5275,0.1073,0,0,24.47452384
Tarotaro-3,9741.3,Arena Guadalupe,1162545.28,983619.86,8.4102,2.636,6253.3711,0.225,NaN,16.4676,16.4,1026.0676,1175.3636,1.5998,0.2138,0.194,0.194,0.172,953.9127,711.8958,45.4606,2.2894,16.6481,1237.2899,0.116,0,0,18.03078665
Tarotaro-3,9741.8,Arena Guadalupe,1162545.28,983619.86,8.4011,2.627,3085.1121,0.187,NaN,16.8675,18.9,977.5854,1110.2212,1.5924,0.2148,0.1923,0.1923,0.1669,607.6671,462.5091,57.6033,2.2877,16.9042,791.4048,0.1461,0,0,17.53449483
Tarotaro-3,9742.2,Arena Guadalupe,1162545.28,983619.86,8.3966,2.632,3882.178,0.176,NaN,16.2736,33.85,957.715,1083.6868,1.5906,0.2138,0.1916,0.1916,0.1665,468.186,359.0142,61.513,2.2893,17.014,612.4609,0.1667,0,0,21.83361159
Tarotaro-3,9742.8,Arena Guadalupe,1162545.28,983619.86,8.4034,2.635,7650.3799,0.221,NaN,14.9099,35.72,933.4035,1051.355,1.6133,0.2125,0.1907,0.1907,0.1661,415.8062,312.5437,49.5559,2.2915,17.1525,560.1308,0.175,0,0,20.59302734
Tarotaro-3,9743.4,Arena Guadalupe,1162545.28,983619.86,8.4124,2.633,9432.5781,0.212,NaN,15.7828,36.36,902.6595,1010.6833,1.6685,0.2103,0.1896,0.1896,0.1663,332.6185,241.5221,37.961,2.2951,17.3346,461.9229,0.1937,0,0,24.61882261
Tarotaro-3,9744.3,Arena Guadalupe,1162545.28,983619.86,8.4034,2.631,8549.7461,0.201,NaN,16.6252,51.48,674.4832,717.0311,1.7055,0.1937,0.1798,0.1798,0.1647,203.7382,139.5951,24.0403,2.3223,19.0029,279.5403,0.2607,0,0,25.74298776
Tarotaro-3,9744.8,Arena Guadalupe,1162545.28,983619.86,8.4034,2.64,4626.1108,0.189,NaN,15.8191,54.46,608.0582,634.5972,1.6879,0.1885,0.1765,0.1765,0.1636,171.69,114.4826,18.8081,2.3309,19.6345,234.9748,0.2891,0,0,21.07976724
Tarotaro-3,9745.5,Arena Guadalupe,1162545.28,983619.86,8.4034,2.633,1410.371,0.186,NaN,16.1221,47.65,603.769,629.3275,1.6631,0.1943,0.1763,0.1763,0.1561,141.1445,93.5889,14.8327,2.3213,19.6783,199.2767,0.3142,0,0,11.966064
Tarotaro-3,9746.4,Arena Guadalupe,1162545.28,983619.86,8.4034,2.632,1488.675,0.187,NaN,20.7467,52.68,481.8798,482.5188,1.6265,0.1904,0.1692,0.1692,0.1449,123.0805,82.6469,13.7771,2.3277,21.1286,176.9447,0.3456,0,0,12.18029289
Tarotaro-3,9747.3,Arena Guadalupe,1162545.28,983619.86,8.426,2.633,688.798,0.173,NaN,23.9953,56.41,154.7696,126.6108,1.6262,0.1515,0.1377,0.1377,0.1223,157.6562,105.7958,15.1713,2.3915,30.2281,232.021,0.3609,0,0,9.471351222
Tarotaro-3,9747.7,Arena Guadalupe,1162545.28,983619.86,8.426,2.628,486.925,0.187,NaN,25.353,62.25,78.3259,56.7605,1.6482,0.1301,0.1217,0.1217,0.1127,185.3684,121.6181,18.1843,2.4266,37.4698,275.0372,0.3691,0,0,6.966085817
Tarotaro-3,9748.3,Arena Guadalupe,1162545.28,983619.86,8.4124,2.621,1.124,0.08,NaN,23.9894,64.11,44.4881,29.1515,1.6902,0.1122,0.1099,0.1099,0.1075,151.0489,98.4361,22.8649,2.456,44.7866,224.7073,0.4464,0,0,1.353523033
Tarotaro-3,9749.5,Arena Guadalupe,1162545.28,983619.86,8.4147,2.632,205.488,0.147,NaN,22.4255,119.25,92.5664,69.1046,1.7281,0.1297,0.1255,0.1255,0.1211,78.9732,55.7384,16.5123,2.4273,35.5471,115.8561,0.5539,0,0,6.812333639
Tarotaro-3,9750.4,Arena Guadalupe,1162545.28,983619.86,8.426,2.634,352.78,0.158,NaN,24.6316,122.93,128.1625,100.4913,1.7331,0.1323,0.1331,0.1323,0.135,77.0255,54.5834,14.46,2.423,31.8945,110.8256,0.5361,0.0044,0.0106,7.906933515
Tarotaro-3,9751.3,Arena Guadalupe,1162545.28,983619.86,8.4034,2.628,49.157,0.143,NaN,28.5106,67.44,116.978,85.8246,1.7537,0.1261,0.1309,0.1258,0.143,83.3753,57.7307,14.6991,2.4332,31.7615,118.2201,0.5161,0.0291,0.0668,3.488984974
Tarotaro-3,9752.1,Arena Guadalupe,1162545.28,983619.86,8.4079,2.628,456.693,0.164,NaN,31.4198,42.48,112.2485,84.9038,1.7841,0.1281,0.1299,0.128,0.1345,89.3522,61.7207,15.0622,2.4299,32.9826,129.6245,0.5036,0.0105,0.0251,8.446607835
Tarotaro-3,9752.9,Arena Guadalupe,1162545.28,983619.86,8.426,2.628,288.672,0.137,NaN,34.4017,49.41,115.394,83.0149,1.8372,0.1245,0.1306,0.1242,0.146,98.5315,66.2624,15.5221,2.4358,31.543,145.9554,0.4617,0.0374,0.0847,9.079499805
Tarotaro-3,9753.3,Arena Guadalupe,1162545.28,983619.86,8.4396,2.664,13.084,0.107,NaN,38.7717,58.85,152.1537,113.6492,1.8598,0.1307,0.1373,0.1296,0.1552,94.8061,63.1391,15.8131,2.4256,28.7247,140.5733,0.4486,0.043,0.0965,2.89784871
Tarotaro-3,9753.9,Arena Guadalupe,1162545.28,983619.86,8.4305,2.624,3.772,0.137,NaN,46.3964,69.2,227.3103,180.4939,1.8774,0.141,0.1477,0.1386,0.168,102.1535,69.7609,17.5596,2.4088,25.1867,149.6098,0.4067,0.0479,0.1066,1.037875918
Tarotaro-3,9754.6,Arena Guadalupe,1162545.28,983619.86,8.4124,2.597,4.786,0.151,NaN,58.7851,51.41,312.525,228.7274,1.8823,0.1451,0.1564,0.1363,0.2023,98.6793,72.8731,18.3531,2.402,21.0154,139.8018,0.3805,0.1115,0.2255,0.993935642
Tarotaro-3,9755.2,Arena Guadalupe,1162545.28,983619.86,8.435,2.625,25.815,0.143,NaN,67.4523,39.28,485.725,393.3928,1.8983,0.1603,0.1694,0.1494,0.213,76.387,60.205,15.7537,2.3771,18.5846,103.1013,0.4191,0.1013,0.2078,2.52838077
Tarotaro-3,9755.8,Arena Guadalupe,1162545.28,983619.86,8.4079,2.64,0.826,0.177,NaN,72.1617,44.12,849.8509,852.5211,1.9304,0.1829,0.1875,0.1759,0.2102,72.6051,58.5438,13.3768,2.34,16.677,94.7272,0.4172,0.0484,0.1076,0.315398488
Tigana Norte-3,10611.08,Arena Guadalupe,1157703.79,984897.29,8.9241,2.643,28.816,0.129,NaN,73.2448,62.5354,320.2568,72.2417,2.0838,0.2179,0.1571,0.0959,0.3954,40.4682,38.8263,40.5278,2.2826,8.2748,102.7536,0.2651,0.5078,0.6995,3.168692423
Tigana Norte-3,10613.1,Arena Guadalupe,1157703.79,984897.29,8.7474,2.621,0,0.013,NaN,72.4598,124.1512,42.5721,8.4035,2.1624,0.0979,0.109,0.0698,0.2621,33.0262,30.5361,29.5266,2.4795,17.0348,43.8036,0.5023,0.449,0.6472,0
Tigana Norte-3,10613.82,Arena Guadalupe,1157703.79,984897.29,8.7474,2.65,11.994,0.147,NaN,61.1836,98.7011,14.4894,0.0165,2.2403,0.0875,0.0897,0.0524,0.2763,31.9448,26.9651,25.7528,2.4965,15.7146,39.5082,0.4899,0.5625,0.7443,1.645828958
Tigana Norte-3,10615.1,Arena Guadalupe,1157703.79,984897.29,8.798,2.651,8.971,0.148,NaN,37.0102,116.6106,147.1005,72.0072,1.9525,0.1183,0.1365,0.1063,0.2184,26.3019,22.0835,21.2273,2.446,22.5144,26.948,0.8955,0.2229,0.3947,1.407333735
Tigana Norte-3,10615.94,Arena Guadalupe,1157703.79,984897.29,8.8366,2.637,1.229,0.123,NaN,46.7181,108.846,267.3962,178.6627,2.0542,0.1388,0.1521,0.1287,0.2077,24.8868,21.942,21.5207,2.4123,24.2143,27.1812,0.9362,0.1392,0.2715,0.707697263
Tigana Norte-3,10616.92,Arena Guadalupe,1157703.79,984897.29,8.8394,NaN,3.791,0.135,NaN,47.1935,66.1527,152.1733,79.0771,2.1236,0.1193,0.1373,0.1091,0.212,24.4825,21.781,21.6263,2.4444,23.5496,33.8757,0.8006,0.2018,0.3655,1.066159043
Tigana Norte-3,10617.27,Arena Guadalupe,1157703.79,984897.29,8.8394,2.644,1.184,0.124,NaN,48.0266,62.9825,96.2619,41.5802,2.114,0.1047,0.1264,0.0967,0.2112,24.2714,21.7603,21.6499,2.4683,23.441,31.7471,0.8245,0.242,0.4199,0.685452047
Tigana Norte-3,10617.72,Arena Guadalupe,1157703.79,984897.29,8.8394,2.649,0.949,0.125,NaN,49.298,71.1924,122.5544,60.7212,2.1267,0.1124,0.132,0.1046,0.2064,24.0336,21.6214,21.6982,2.4557,24.4499,31.4715,0.856,0.2054,0.3706,0.60562778
Tigana Norte-3,10618.38,Arena Guadalupe,1157703.79,984897.29,8.8394,2.641,0.485,0.119,NaN,46.727,81.585,200.7402,123.5346,2.2158,0.1291,0.1444,0.1205,0.2034,23.7237,21.4304,21.9272,2.4282,25.0911,29.7839,0.9049,0.1525,0.2926,0.469305867
Tigana Norte-3,10619.14,Arena Guadalupe,1157703.79,984897.29,8.8444,2.65,12.834,0.161,NaN,38.4608,67.4427,111.1365,53.5854,2.1518,0.1093,0.1297,0.1023,0.2046,23.2578,20.9847,21.1556,2.4608,24.7123,26.8273,0.9507,0.2093,0.376,1.460944818
Tigana Norte-3,10620.24,Arena Guadalupe,1157703.79,984897.29,8.8836,NaN,10.539,0.151,NaN,43.0467,40.2012,308.1409,221.1917,2.0568,0.1443,0.156,0.1349,0.2047,22.9927,21.0007,21.1099,2.4034,24.6256,28.5058,0.9213,0.1189,0.2382,1.474930715
Tigana Norte-3,10621.14,Arena Guadalupe,1157703.79,984897.29,8.9158,2.642,4.394,0.154,NaN,53.2745,45.0694,183.4612,102.4019,2.0833,0.1255,0.142,0.1146,0.2126,22.8776,20.9471,20.7776,2.4342,23.4779,27.552,0.909,0.1864,0.3435,0.921401587
Tigana Norte-3,10622.72,Arena Guadalupe,1157703.79,984897.29,8.9431,2.659,20.436,0.176,NaN,48.7233,51.6319,405.8499,281.0208,2.0911,0.1528,0.164,0.1365,0.2283,22.5794,20.5962,20.4156,2.3894,20.9082,28.4231,0.8392,0.1556,0.2975,1.584111713
Tigana Norte-3,10623.7,Arena Guadalupe,1157703.79,984897.29,8.9437,NaN,9.413,0.152,NaN,41.6535,50.4996,574.183,451.1033,2.0101,0.1656,0.1747,0.1496,0.2298,23.115,21.1651,20.7816,2.3685,20.4004,26.3042,0.8685,0.1279,0.2532,1.378555159
Tigana Norte-3,10623.92,Arena Guadalupe,1157703.79,984897.29,8.9768,2.632,1.74,0.136,NaN,41.4452,51.2076,575.246,446.6842,2.041,0.1656,0.1747,0.1488,0.232,23.0983,21.2346,20.8414,2.3684,20.1381,27.054,0.8484,0.1332,0.2618,0.713525752
Tigana Norte-3,10624.3,Arena Guadalupe,1157703.79,984897.29,8.9238,2.642,34.824,0.173,NaN,38.8154,47.253,534.9921,410.9645,2.0314,0.1629,0.1724,0.147,0.229,23.201,21.4758,21.1083,2.3728,20.5779,27.5819,0.8492,0.1322,0.2603,2.129635757
Tigana Norte-3,10625.86,Arena Guadalupe,1157703.79,984897.29,8.5943,2.641,13.498,0.172,NaN,42.7141,36.7739,537.8141,394.1485,2.0708,0.1631,0.1726,0.144,0.2375,23.5907,22.2437,22.089,2.3725,19.575,29.1683,0.7979,0.1528,0.2931,1.339066134
Tigana Norte-3,10627.1,Arena Guadalupe,1157703.79,984897.29,8.5994,2.635,10.131,0.159,NaN,44.779,39.188,420.6873,286.856,2.0807,0.1542,0.1651,0.1361,0.2332,24.1014,22.643,23.1382,2.3872,20.2732,33.6214,0.7469,0.1648,0.3114,1.325733147
Tigana Norte-3,10627.68,Arena Guadalupe,1157703.79,984897.29,8.5578,2.649,36.555,0.175,NaN,33.3046,39.8289,412.0059,271.1683,2.1229,0.1536,0.1645,0.1338,0.2376,24.4892,22.7588,23.0149,2.3881,19.7627,31.3667,0.7648,0.1779,0.3311,2.139439046
Tigana Norte-3,10628.4,Arena Guadalupe,1157703.79,984897.29,8.4779,2.641,16.243,0.177,NaN,28.1059,38.9836,265.0748,138.2663,2.0234,0.1396,0.1518,0.1165,0.2451,24.4886,22.6014,22.8027,2.411,19.0774,31.4609,0.7371,0.2388,0.4158,1.39862957
Tigana Norte-3,10629.5,Arena Guadalupe,1157703.79,984897.29,8.8947,2.642,32.838,0.166,NaN,33.2357,34.28,398.4327,297.434,1.993,0.1527,0.1635,0.1409,0.2144,25.0515,22.4947,22.5622,2.3895,22.8384,30.7722,0.8464,0.1218,0.2431,2.218819203
Tigana Norte-3,10629.7,Arena Guadalupe,1157703.79,984897.29,8.9074,NaN,32.838,0.173,NaN,33.8443,35.5728,406.0552,306.3568,1.9973,0.1535,0.164,0.1419,0.2138,25.1385,22.4874,22.37,2.3883,22.9083,29.4725,0.869,0.1186,0.2377,2.068018179
Tigana Norte-3,10630.26,Arena Guadalupe,1157703.79,984897.29,8.9734,2.651,3.11,0.142,NaN,37.2015,40.5696,366.5954,268.4446,1.9819,0.1498,0.161,0.1385,0.2123,25.3377,22.3653,21.8176,2.3943,23.2314,25.8728,0.9416,0.1238,0.2463,0.887901141
Tigana Norte-3,10630.76,Arena Guadalupe,1157703.79,984897.29,9.0201,2.644,1.066,0.133,NaN,36.8838,40.3755,383.813,290.2147,2.0013,0.1518,0.1624,0.1412,0.2098,25.4487,22.2143,21.5092,2.391,23.5824,24.1325,0.9873,0.1132,0.2285,0.579495258
Tigana Norte-3,10631.26,Arena Guadalupe,1157703.79,984897.29,9.0231,2.657,20.449,0.157,NaN,37.3516,37.9514,362.328,272.5636,2.1389,0.15,0.1607,0.1401,0.207,25.6723,22.0938,21.3115,2.394,24.0922,25.3375,0.9725,0.111,0.2247,1.924171517
Tigana Norte-3,10631.67,Arena Guadalupe,1157703.79,984897.29,8.9843,NaN,1.409,0.139,NaN,40.787,41.0927,299.2546,203.2357,2.181,0.1425,0.1552,0.1311,0.212,26.1641,22.4179,21.5796,2.4063,23.4379,29.0105,0.8854,0.1408,0.2741,0.619250115
Tigana Norte-3,10632.56,Arena Guadalupe,1157703.79,984897.29,8.6931,2.642,10.073,0.163,NaN,43.8801,40.9992,418.8529,309.0415,1.9678,0.1542,0.165,0.1408,0.2197,29.0008,24.9104,24.1788,2.3871,22.0342,37.502,0.7402,0.1308,0.258,1.267515026
Tigana Norte-3,10633.15,Arena Guadalupe,1157703.79,984897.29,8.7076,NaN,140.264,0.167,NaN,48.8677,37.592,271.7105,168.693,2.0083,0.1387,0.1525,0.1249,0.2202,31.5178,27.5972,27.8076,2.4125,22.2267,58.2367,0.5609,0.1714,0.3214,4.539134511
Tigana Norte-3,10634.64,Arena Guadalupe,1157703.79,984897.29,8.5313,2.611,0.06,0.019,NaN,77.9142,33.2922,28.5386,6.0025,2.1394,0.0762,0.1014,0.067,0.231,39.1101,33.3972,34.4262,2.5151,19.5558,62.0571,0.4189,0.4106,0.6105,2.881004119
Tigana Norte-3,10635.4,Arena Guadalupe,1157703.79,984897.29,8.5313,2.624,0.005,0.019,NaN,89.0555,36.4216,0.5057,0.0006,2.2787,0.0243,0.0488,0.0253,0.2403,40.6513,36.2968,36.7265,2.6002,15.9177,61.491,0.2982,0.7143,0.8519,0.831674252
Tigana Norte-3,10636.64,Arena Guadalupe,1157703.79,984897.29,8.8017,2.658,126.289,0.132,NaN,82.8524,34.7696,0.0599,0.0001,2.267,0.016,0.0332,0.0159,0.2465,48.6947,40.9319,38.5087,2.6138,15.0089,51.905,0.3177,0.8102,0.9088,6.386622382
Tigana Norte-3,10637.64,Arena Guadalupe,1157703.79,984897.29,8.9698,2.644,563.065,0.179,NaN,60.8187,39.4158,25.9909,0.0557,2.3503,0.0759,0.0997,0.0648,0.2358,59.2637,50.1014,47.0594,2.5155,18.9838,101.5209,0.2687,0.4309,0.6302,8.077417389
Tigana Norte-3,10638.4,Arena Guadalupe,1157703.79,984897.29,8.8934,NaN,1000.708,0.198,NaN,46.145,54.2406,133.4655,54.7595,2.0997,0.1174,0.1341,0.0989,0.2367,70.6423,64.8903,61.2675,2.4475,19.9819,197.7385,0.1946,0.2824,0.4707,9.041904522
Tigana Norte-3,10639.5,Arena Guadalupe,1157703.79,984897.29,8.6675,2.643,525.021,0.203,NaN,27.2427,81.794,1481.7909,1607.8636,1.9174,0.2035,0.2074,0.1922,0.2357,103.6191,93.6029,98.4456,2.3063,18.2782,324.7022,0.2092,0.058,0.127,6.26949052
Tigana Norte-3,10640.36,Arena Guadalupe,1157703.79,984897.29,8.6863,2.649,2331.4561,0.237,NaN,20.9497,89.7826,1917.0079,2337.7551,1.9308,0.2155,0.2173,0.2102,0.2296,111.1917,122.2237,129.866,2.2866,18.225,355.6689,0.2144,0.024,0.0557,10.02640604
Tigana Norte-3,10641.6,Arena Guadalupe,1157703.79,984897.29,8.5204,2.647,1080.968,0.224,NaN,19.4728,72.5914,1732.4166,2014.9282,1.9711,0.2106,0.2134,0.2027,0.2325,156.3732,175.7881,180.4916,2.2946,18.2185,524.7617,0.1667,0.0383,0.0865,7.556588285
Tigana Norte-3,10643.1,Arena Guadalupe,1157703.79,984897.29,8.6402,2.648,3116.1489,0.233,NaN,18.4497,45.9022,1921.2595,2396.2771,1.894,0.2163,0.2174,0.2134,0.2242,206.5309,238.5507,228.5983,2.2853,18.6746,1042.1049,0.1264,0.0132,0.0312,11.95364162
Tigana Norte-3,10644.28,Arena Guadalupe,1157703.79,984897.29,8.8351,NaN,3011.3999,0.217,NaN,23.435,24.2373,2110.6162,2701.9612,1.9118,0.2204,0.2211,0.2185,0.2256,219.7265,243.425,227.2304,2.2785,18.3042,362.6217,0.2203,0.0086,0.0205,13.34707267
Tigana Norte-3,10644.76,Arena Guadalupe,1157703.79,984897.29,8.7467,2.595,657.142,0.186,NaN,24.524,21.5837,1959.6189,2363.1877,1.9092,0.2159,0.2182,0.2091,0.2342,222.947,252.2018,233.5431,2.2858,17.7976,400.144,0.1955,0.0314,0.0718,8.167972168
Tigana Norte-3,10646.02,Arena Guadalupe,1157703.79,984897.29,9.0528,2.646,2497.646,0.234,NaN,22.6538,22.8921,2186.3367,2753.0474,1.9452,0.2211,0.2225,0.2165,0.2328,227.5734,272.3443,258.1219,2.2774,17.6379,1455.5051,0.0994,0.0198,0.0463,10.6194023
Tigana Norte-3,10647.06,Arena Guadalupe,1157703.79,984897.29,9.0633,2.654,2701.2419,0.225,NaN,19.0668,19.7412,2999.0347,4157.9883,1.8948,0.2367,0.2357,0.2357,0.2347,214.7391,269.4527,296.9123,2.2519,16.6182,1533.7216,0.1041,0,0,11.85057197
Tigana Norte-3,10648.24,Arena Guadalupe,1157703.79,984897.29,9.0752,2.645,4754.6699,0.225,NaN,18.1051,19.8188,2126.3452,2737.4968,1.8291,0.2209,0.2214,0.2194,0.2248,181.968,219.2221,238.6143,2.2777,18.3502,1050.5476,0.1285,0.0064,0.0154,15.72236082
Tigana Norte-3,10649.14,Arena Guadalupe,1157703.79,984897.29,9.063,2.652,2565.068,0.217,NaN,18.2918,24.5276,1190.8191,1400.7227,1.9891,0.2003,0.1993,0.1993,0.1983,140.2143,154.814,162.2297,2.3114,22.5745,610.73,0.1923,0,0,12.31831345
Tigana Norte-3,10650.12,Arena Guadalupe,1157703.79,984897.29,8.6747,2.642,4036.302,0.223,NaN,18.4488,23.816,717.088,752.1848,1.9763,0.1804,0.1818,0.1788,0.1877,118.945,120.6207,130.6885,2.3442,25.8004,237.1531,0.3224,0.0121,0.0286,14.71923364
Tigana Norte-3,10650.86,Arena Guadalupe,1157703.79,984897.29,8.8016,2.643,158.734,0.143,NaN,21.4954,20.3554,214.4275,168.4437,2.1462,0.1393,0.1461,0.1371,0.1665,93.5195,87.85,91.0336,2.4115,33.5686,80.1589,0.6259,0.0481,0.107,6.269622524
Tigana Norte-3,10651.92,Arena Guadalupe,1157703.79,984897.29,8.7936,2.642,547.256,0.17,NaN,66.6424,20.5888,124.8429,68.0819,2.2128,0.114,0.1325,0.1089,0.1941,66.0837,53.7979,54.6718,2.4531,26.8985,72.0369,0.5416,0.1678,0.316,8.698204706
Tigana Norte-3,10653.42,Arena Guadalupe,1157703.79,984897.29,8.6653,2.606,0.002,0.02,NaN,98.2566,16.5808,3.0903,0.0027,2.2364,0.0459,0.0678,0.038,0.2449,50.5068,39.0661,39.1464,2.5647,16.6825,71.722,0.2872,0.6154,0.7845,0.486548041
Tigana Norte-3,10653.74,Arena Guadalupe,1157703.79,984897.29,8.6582,2.552,0.126,0.024,NaN,95.719,16.7284,2.9261,0.0026,2.2498,0.0447,0.0671,0.0375,0.2441,48.7698,37.4871,37.5624,2.5666,16.6888,72.6329,0.2833,0.6177,0.7862,2.925821829
Tigana Norte-3,10654.58,Arena Guadalupe,1157703.79,984897.29,8.671,2.632,0.008,0.044,NaN,96.1104,20.5647,1.824,0.0018,2.1765,0.0416,0.0616,0.0335,0.2473,45.6801,33.4887,33.8655,2.5719,16.2657,77.2734,0.2566,0.6526,0.811,0.290906563
Tigana Norte-3,10656.1,Arena Guadalupe,1157703.79,984897.29,8.6912,2.633,0.081,0.073,NaN,53.4696,34.2758,27.382,7.6123,2.1656,0.0675,0.1006,0.0718,0.198,40.5873,30.148,30.187,2.5293,24.1023,47.5094,0.6138,0.3199,0.5146,0.420017709
Tigana Norte-3,10657.4,Arena Guadalupe,1157703.79,984897.29,8.8736,NaN,1.973,0.092,NaN,43.1891,92.6042,62.9945,31.0804,2.0926,0.0954,0.117,0.0971,0.172,38.7011,29.2234,28.4404,2.4836,32.0496,42.242,0.843,0.1587,0.3022,1.435150009
Tigana Norte-3,10657.94,Arena Guadalupe,1157703.79,984897.29,8.9577,2.634,1.095,0.107,NaN,44.644,96.1621,49.1873,24.811,2.1107,0.0918,0.1119,0.0956,0.1571,39.2267,29.7655,28.7211,2.4894,37.0089,42.0322,0.9256,0.1304,0.2573,0.838325159
Tigana Norte-3,10659.02,Arena Guadalupe,1157703.79,984897.29,8.963,2.637,1.234,0.1,NaN,54.6313,90.7396,96.1299,61.2353,1.9962,0.1142,0.1263,0.1142,0.1569,45.9117,35.687,35.6136,2.4526,37.6604,56.6014,0.794,0.0794,0.1681,0.992726779
Tigana Norte-3,10660.02,Arena Guadalupe,1157703.79,984897.29,8.9636,2.647,677.241,0.171,NaN,23.97,82.3059,512.0988,481.8898,1.865,0.1668,0.1711,0.163,0.1874,52.1449,44.2715,44.6024,2.3664,26.8196,109.2297,0.4779,0.0358,0.0813,9.579914525
Tigana Norte-3,10660.94,Arena Guadalupe,1157703.79,984897.29,8.9906,2.652,292.982,0.159,NaN,26.7062,61.2222,497.9009,478.9025,2.0026,0.1673,0.1702,0.165,0.1807,56.7088,48.7671,48.7282,2.3656,28.1123,73.3147,0.6104,0.0228,0.0529,7.129358061
Tigana Norte-3,10661.8,Arena Guadalupe,1157703.79,984897.29,9.0159,NaN,41.503,0.143,NaN,28.7965,47.5434,366.9175,312.5392,1.9888,0.1544,0.161,0.1498,0.1851,66.2297,57.5188,56.128,2.3868,28.0455,73.5645,0.5955,0.055,0.121,3.205871857
Tigana Norte-3,10662.5,Arena Guadalupe,1157703.79,984897.29,9.0364,NaN,1497.887,0.187,NaN,23.0506,39.171,541.0938,502.5903,1.9671,0.1676,0.1728,0.1624,0.194,77.9246,70.6821,69.3586,2.3652,25.5666,139.1901,0.4039,0.0468,0.1042,12.21792091
Tigana Norte-3,10663.5,Arena Guadalupe,1157703.79,984897.29,9.0511,2.651,1689.457,0.198,NaN,26.5193,46.949,600.7181,597.3732,2.0801,0.1734,0.1761,0.1706,0.1868,98.0364,93.5256,93.7453,2.3557,26.4852,186.4405,0.3634,0.0228,0.053,11.74842915
Tigana Norte-3,10665.08,Arena Guadalupe,1157703.79,984897.29,9.0174,2.65,553.714,0.171,NaN,25.3206,26.7402,1104.5696,1281.9994,1.9642,0.1985,0.1966,0.1966,0.1947,130.5873,131.4199,142.8383,2.3144,23.1445,239.459,0.3109,0,0,8.662290918
Tigana Norte-3,10666.1,Arena Guadalupe,1157703.79,984897.29,8.8685,2.647,3674.158,0.222,NaN,22.4873,31.2748,1764.7502,2226.3621,1.9201,0.2141,0.2141,0.2141,0.214,149.9672,164.3752,178.5612,2.2888,19.8135,478.6142,0.2035,0,0,14.15659141
Tigana Norte-3,10667,Arena Guadalupe,1157703.79,984897.29,8.7113,NaN,3392.6509,0.217,NaN,23.3602,28.985,1663.4122,2005.3816,1.9694,0.2103,0.2118,0.2068,0.2206,157.9382,168.4796,193.0017,2.2951,19.3816,392.2372,0.2131,0.0173,0.0406,14.16678804
Tigana Norte-3,10667.14,Arena Guadalupe,1157703.79,984897.29,8.7113,2.651,5073.501,0.248,NaN,23.4507,28.5608,1459.936,1683.3246,1.9926,0.2045,0.2068,0.1992,0.2207,160.8227,169.4291,193.7711,2.3046,19.7136,445.2592,0.1953,0.0277,0.0639,13.61832965
Tigana Norte-3,10668.05,Arena Guadalupe,1157703.79,984897.29,8.7194,2.646,2776.186,0.23,NaN,22.3899,27.3934,1399.7177,1554.1951,1.9608,0.2019,0.2053,0.194,0.226,176.7747,165.0832,176.9191,2.3088,19.2969,729.0083,0.1395,0.0423,0.095,11.54922651
Tigana Norte-3,10668.9,Arena Guadalupe,1157703.79,984897.29,8.8577,2.655,1477.483,0.216,NaN,21.2481,24.8302,1778.7195,2194.2324,1.9089,0.2134,0.2144,0.2109,0.2205,150.2548,143.8827,143.6545,2.2901,19.2104,447.0988,0.2009,0.0118,0.0281,9.425976015
Tigana Norte-3,10670,Arena Guadalupe,1157703.79,984897.29,9.0366,2.644,1728.26,0.194,NaN,22.659,25.818,1422.4797,1563.5553,2.0187,0.2023,0.2059,0.193,0.2296,130.8487,110.3137,112.483,2.3083,18.9227,165.7995,0.3162,0.0485,0.1078,12.3130781
Tigana Norte-3,10670.1,Arena Guadalupe,1157703.79,984897.29,9.0529,NaN,1728.26,0.215,NaN,23.0759,25.4528,1382.9276,1512.1652,2.0185,0.2011,0.2048,0.192,0.2285,130.7537,107.3587,109.3927,2.3101,19.0844,173.2203,0.3099,0.0486,0.108,10.27888848
Tigana Norte-3,10671,Arena Guadalupe,1157703.79,984897.29,9.1992,2.643,1061.0179,0.191,NaN,30.4266,23.047,666.0717,594.9268,2.0163,0.1723,0.1794,0.1616,0.2163,129.151,93.5511,94.9029,2.3575,21.8838,321.4552,0.2152,0.0824,0.1736,9.912643198
Tigana Norte-3,10671.9,Arena Guadalupe,1157703.79,984897.29,8.7764,2.648,2679.3669,0.207,NaN,24.9523,21.7444,1479.9716,1768.9756,2.0485,0.2063,0.2074,0.2041,0.2131,112.956,80.1631,73.2781,2.3017,20.4263,436.0065,0.2101,0.0113,0.0268,13.68558641
Tigana Norte-3,10672.8,Arena Guadalupe,1157703.79,984897.29,8.665,2.655,4103.5928,0.217,NaN,30.0769,20.287,1261.1637,1415.9663,2.0093,0.1989,0.2014,0.1939,0.2152,91.1942,60.4442,49.9647,2.3138,20.6404,144.3418,0.3653,0.028,0.0645,15.58059142
Tigana Norte-3,10673.82,Arena Guadalupe,1157703.79,984897.29,8.5953,2.648,0.043,0.067,NaN,55.6437,23.6314,155.2609,81.7936,2.2117,0.12,0.1378,0.11,0.2112,84.1611,58.0995,45.2987,2.4433,23.6857,49.5688,0.6325,0.1977,0.3598,0.350294498
Tigana Norte-3,10674.52,Arena Guadalupe,1157703.79,984897.29,8.5158,2.634,16.745,0.142,NaN,48.3326,26.0062,142.5471,79.0848,2.2431,0.1179,0.1357,0.1112,0.199,101.8949,72.5045,54.9392,2.4467,25.9172,48.3325,0.6841,0.1704,0.32,2.060283551
Tigana Norte-3,10675.24,Arena Guadalupe,1157703.79,984897.29,8.6004,NaN,2387.332,0.185,NaN,42.2571,28.3155,270.8302,204.0469,1.9882,0.1422,0.1524,0.1365,0.1884,125.9721,106.7836,93.0832,2.4067,27.8564,439.6247,0.1913,0.0869,0.1821,15.71397558
Tigana Norte-3,10675.8,Arena Guadalupe,1157703.79,984897.29,8.6196,2.648,5018.439,0.213,NaN,29.799,28.1796,1085.6453,1256.1655,1.9767,0.205,0.196,0.196,0.1867,151.9702,132.9982,145.9963,2.3039,23.2776,953.4871,0.1562,0,0,17.8081703
Tigana Norte-3,10677.2,Arena Guadalupe,1157703.79,984897.29,8.6288,2.647,6280.802,0.221,NaN,16.8594,27.1508,2375.8477,3160.2036,1.9205,0.2277,0.2259,0.2259,0.2241,195.8602,201.4528,326.9715,2.2665,17.9529,3793.9282,0.092,0,0,18.658909
Tigana Norte-3,10677.34,Arena Guadalupe,1157703.79,984897.29,8.6394,NaN,6280.8018,0.223,NaN,16.6161,28.5892,2234.1165,2939.3267,1.9114,0.2274,0.2234,0.2234,0.2193,198.028,208.0882,329.5703,2.267,18.3228,3855.6628,0.092,0,0,18.36119389
Tigana Norte-3,10677.96,Arena Guadalupe,1157703.79,984897.29,8.6867,2.657,4364.6069,0.204,NaN,18.9342,48.0939,2121.1992,2740.782,1.9111,0.221,0.2213,0.2199,0.2237,210.6509,249.3954,349.2304,2.2776,18.4506,2987.4922,0.092,0.0044,0.0106,17.92132155
Tigana Norte-3,10678.94,Arena Guadalupe,1157703.79,984897.29,8.7277,2.658,5477.9731,0.218,NaN,18.0381,52.9922,1450.3838,1680.356,2.0215,0.2044,0.2066,0.1997,0.219,197.5895,300.7372,374.2484,2.3047,19.8934,2390.0815,0.092,0.0248,0.0575,17.85507211
Tigana Norte-3,10680,Arena Guadalupe,1157703.79,984897.29,8.7941,2.652,7341.4292,0.229,NaN,13.9564,34.331,1715.532,2153.4011,1.9107,0.2141,0.213,0.213,0.2118,180.4711,262.2125,306.5805,2.2888,20.0002,3578.8521,0.092,0,0,18.92871403
Tigana Norte-3,10680.94,Arena Guadalupe,1157703.79,984897.29,8.8564,2.667,7125.7681,0.225,NaN,15.3997,17.3495,1954.38,2479.3508,1.9301,0.2175,0.2181,0.2161,0.2213,153.0359,167.9755,229.3155,2.2833,18.8726,4247.1387,0.092,0.0063,0.0151,19.24745956
Tigana Norte-3,10681.62,Arena Guadalupe,1157703.79,984897.29,8.8921,2.656,8158.9731,0.232,NaN,18.3392,16.1354,1765.226,2163.3423,2.0547,0.2129,0.2141,0.2098,0.2215,129.2732,110.0447,122.4894,2.2909,19.1415,4376.6348,0.092,0.0144,0.034,19.49290837
Tigana Norte-3,10682.4,Arena Guadalupe,1157703.79,984897.29,8.7814,2.652,8316.1611,0.236,NaN,18.8559,18.0074,1155.8737,1143.9368,2.0557,0.193,0.1983,0.179,0.236,106.6014,78.5832,81.95,2.3235,18.7167,1163.3932,0.092,0.0803,0.1698,19.081673
Tigana Norte-3,10683.8,Arena Guadalupe,1157703.79,984897.29,8.7596,NaN,15095.2686,0.229,NaN,20.5772,16.5778,1361.9369,1470.6602,1.9668,0.2003,0.2043,0.1904,0.2301,75.7982,54.8681,45.3609,2.3115,18.9669,522.9492,0.1626,0.0533,0.1174,27.14258616
Tigana Norte-3,10684.46,Arena Guadalupe,1157703.79,984897.29,8.7102,2.65,1096.6,0.165,NaN,39.6852,16.61,274.8078,165.8468,1.9336,0.1391,0.1528,0.1236,0.2253,59.2216,40.6576,31.4578,2.4118,21.5011,55.9174,0.5612,0.1839,0.3399,12.95431126
Tigana Norte-3,10685.14,Arena Guadalupe,1157703.79,984897.29,9.1566,2.63,1.755,0.118,NaN,78.4385,17.7997,61.0574,29.8179,2.1059,0.0944,0.1164,0.0963,0.1718,59.0344,40.3963,31.8076,2.4852,32.0684,38.1747,0.898,0.1607,0.3052,0.905135884
Tigana Norte-3,10686.88,Arena Guadalupe,1157703.79,984897.29,8.8321,2.647,121.404,0.176,NaN,45.7566,21.1276,182.198,86.1941,2.0929,0.1266,0.1419,0.1077,0.2359,81.4022,70.8392,70.2926,2.4325,20.1593,288.4891,0.1525,0.2505,0.4309,3.861040491
Tigana Norte-3,10688.22,Arena Guadalupe,1157703.79,984897.29,8.7913,NaN,626.605,0.194,NaN,19.2671,20.2122,1797.838,2042.4485,1.9238,0.2115,0.2148,0.2004,0.241,88.5581,100.8338,147.2397,2.2931,17.4334,1211.0802,0.0939,0.0526,0.1162,7.414109963
Tigana Norte-3,10689.08,Arena Guadalupe,1157703.79,984897.29,8.7194,2.649,1306.135,0.2,NaN,16.199,30.8188,1387.2814,1428.0691,1.9185,0.2003,0.2049,0.1857,0.2419,80.7895,110.3295,178.5044,2.3115,17.856,1353.986,0.092,0.0771,0.1639,10.15006154
Tigana Norte-3,10689.5,Arena Guadalupe,1157703.79,984897.29,8.7194,NaN,1271.666,0.186,NaN,18.0712,41.927,1324.3632,1428.9717,1.8319,0.1993,0.2032,0.1899,0.2281,78.7845,110.2587,186.4913,2.3131,19.2205,1305.1249,0.0936,0.0513,0.1134,11.36242858
Tigana Norte-3,10690.1,Arena Guadalupe,1157703.79,984897.29,8.6569,2.644,1624.696,0.205,NaN,17.5495,80.9314,1285.178,1496.9628,1.911,0.201,0.2021,0.1989,0.208,73.3455,97.0559,159.6183,2.3104,21.3691,1102.3345,0.1317,0.0116,0.0276,10.84056807
Tigana Norte-3,10690.88,Arena Guadalupe,1157703.79,984897.29,8.6239,2.654,1487.0341,0.208,NaN,20.7545,103.4064,1328.3536,1535.7461,1.9213,0.2016,0.2033,0.1983,0.2124,65.2387,74.336,102.4122,2.3093,20.7971,538.9498,0.1857,0.0182,0.0427,10.10928153
Tigana Norte-3,10692.04,Arena Guadalupe,1157703.79,984897.29,9.0288,2.649,1932.627,0.212,NaN,30.4796,30.9376,1052.4667,1192.3881,2.0048,0.1941,0.1949,0.1928,0.1988,51.833,49.2717,53.8054,2.3217,23.039,194.0504,0.3404,0.0077,0.0185,11.1436149
Tigana Norte-3,10694.08,Arena Guadalupe,1157703.79,984897.29,8.8302,2.638,0.146,0.104,NaN,37.7243,18.4961,123.4608,82.5078,2.1022,0.1209,0.1322,0.1197,0.1628,29.3765,21.8804,18.2181,2.4418,35.4494,31.5593,1,0.0778,0.1651,0.3205266
Tigana Norte-3,10695.16,Arena Guadalupe,1157703.79,984897.29,8.8302,NaN,7.12,0.118,NaN,57.9007,20.8272,52.9897,29.0638,2.0721,0.0973,0.1134,0.1002,0.1491,28.7732,23.2963,20.0573,2.4804,40.6399,46.6922,0.9217,0.0992,0.2042,1.823119847
Tigana Norte-3,10696.74,Arena Guadalupe,1157703.79,984897.29,8.6387,2.637,0.031,0.075,NaN,56.4616,30.5704,53.9434,19.9255,2.0911,0.0869,0.1138,0.0855,0.1999,30.6358,30.1905,28.7477,2.4974,24.8635,143.4657,0.2815,0.262,0.4454,0.248977632
Tigana Norte-3,10698.94,Arena Guadalupe,1157703.79,984897.29,8.8359,2.653,9621.9395,0.221,NaN,61.2325,37.7914,970.2686,999.6639,2.0245,0.1878,0.1921,0.1805,0.2143,29.6232,46.3126,71.5171,2.3319,21.3795,392.6141,0.2067,0.0469,0.1045,23.09457668
